<?xml version="1.0" encoding="UTF-8"?>
<beans xmlns="http://www.springframework.org/schema/beans"
	xmlns:context="http://www.springframework.org/schema/context"
	xmlns:mvc="http://www.springframework.org/schema/mvc" 
	xmlns:xsi="http://www.w3.org/2001/XMLSchema-instance"
	xsi:schemaLocation="
        http://www.springframework.org/schema/beans     
        http://www.springframework.org/schema/beans/spring-beans-3.0.xsd
        http://www.springframework.org/schema/context 
        http://www.springframework.org/schema/context/spring-context-3.0.xsd
        http://www.springframework.org/schema/mvc
        http://www.springframework.org/schema/mvc/spring-mvc-3.0.xsd">
 
 	<context:component-scan base-package="com.igate.irs" />
 	
 	<mvc:annotation-driven />
 	
 	<bean id="viewResolver" class="org.springframework.web.servlet.view.InternalResourceViewResolver">
	   <property name="prefix" value="/" />
	   <property name="suffix" value=".jsp" />
    </bean>
 
 	<context:property-placeholder location="classpath:oracle.properties" />
 	
 	<mvc:resources mapping="/resources/**" location="/resources/"  />
 
 	<bean id="dataSource" class="org.springframework.jdbc.datasource.DriverManagerDataSource">
	  <property name="driverClassName" value="${driver}" />
	  <property name="url" value="${url}" />
	  <property name="username" value="${user}" />
	  <property name="password" value="${password}" />
 	</bean>
 
 </beans>